{"cameraMode":{"drawMode":0,"name":"Shaded","section":"Shading Mode"},"sceneLighting":true,"audioPlay":false,"sceneViewState":{"showFog":true,"showMaterialUpdate":false,"showSkybox":true,"showFlares":true,"showImageEffects":true,"showParticleSystems":true},"in2DMode":false,"pivot":{"x":11.742820739746094,"y":13.566604614257813,"z":5.389441967010498},"rotation":{"x":-0.02868911810219288,"y":0.2919495105743408,"z":0.008756655268371106,"w":0.955977737903595},"size":16.099279403686525,"orthographic":false}