{"cameraMode":{"drawMode":0,"name":"Shaded","section":"Shading Mode"},"sceneLighting":true,"audioPlay":false,"sceneViewState":{"showFog":true,"showMaterialUpdate":false,"showSkybox":true,"showFlares":true,"showImageEffects":true,"showParticleSystems":true},"in2DMode":false,"pivot":{"x":-1.8875261545181275,"y":0.6428447365760803,"z":-7.757467746734619},"rotation":{"x":0.14494061470031739,"y":0.14283862709999085,"z":-0.021140562370419503,"w":0.9788715243339539},"size":0.8078462481498718,"orthographic":false}