{"cameraMode":{"drawMode":0,"name":"Shaded","section":"Shading Mode"},"sceneLighting":true,"audioPlay":false,"sceneViewState":{"showFog":true,"showMaterialUpdate":false,"showSkybox":true,"showFlares":true,"showImageEffects":true,"showParticleSystems":true},"in2DMode":false,"pivot":{"x":-7.400235176086426,"y":1.0709186792373658,"z":8.064801216125489},"rotation":{"x":-0.05554044991731644,"y":0.3525029718875885,"z":-0.02096053585410118,"w":-0.9339309930801392},"size":1.384903073310852,"orthographic":true}