{"cameraMode":{"drawMode":0,"name":"Shaded","section":"Shading Mode"},"sceneLighting":true,"audioPlay":false,"sceneViewState":{"showFog":true,"showMaterialUpdate":false,"showSkybox":true,"showFlares":true,"showImageEffects":true,"showParticleSystems":true},"in2DMode":false,"pivot":{"x":-0.5479172468185425,"y":2.8540823459625246,"z":-5.343199253082275},"rotation":{"x":0.03925786912441254,"y":-0.1291297823190689,"z":-0.005134688690304756,"w":-0.9908567667007446},"size":4.274557590484619,"orthographic":false}