{"cameraMode":{"drawMode":0,"name":"Shaded","section":"Shading Mode"},"sceneLighting":true,"audioPlay":false,"sceneViewState":{"showFog":true,"showMaterialUpdate":false,"showSkybox":true,"showFlares":true,"showImageEffects":true,"showParticleSystems":true},"in2DMode":false,"pivot":{"x":45.94460678100586,"y":80.37449645996094,"z":41.60779571533203},"rotation":{"x":0.10659975558519364,"y":-0.013115016743540764,"z":0.001400729175657034,"w":0.994232714176178},"size":2.8899810314178469,"orthographic":false}